{
  "wi2": {
    "checkpoint": "round_4",
    "per_direction": {
      "writeup_frozen": {
        "unsteered_rate": {
          "point": 0.4510416666666667,
          "ci_lo": 0.4197916666666667,
          "ci_hi": 0.4822916666666667,
          "n": 960
        },
        "ablated_rate": {
          "point": 0.446875,
          "ci_lo": 0.41458333333333336,
          "ci_hi": 0.4791666666666667,
          "n": 960
        },
        "delta": {
          "absolute": {
            "point": -0.004166666666666652,
            "ci_lo": -0.04791666666666666,
            "ci_hi": 0.03958333333333336,
            "p_negative": 0.5654
          },
          "relative": {
            "point": -0.00923787528868357,
            "ci_lo": -0.10169583241617138,
            "ci_hi": 0.0926365795724466
          }
        },
        "direction_norm": 1.5063095092773438
      },
      "det_lr_step_0": {
        "unsteered_rate": {
          "point": 0.43125,
          "ci_lo": 0.39895833333333336,
          "ci_hi": 0.4625,
          "n": 960
        },
        "ablated_rate": {
          "point": 0.44166666666666665,
          "ci_lo": 0.41041666666666665,
          "ci_hi": 0.47291666666666665,
          "n": 960
        },
        "delta": {
          "absolute": {
            "point": 0.01041666666666663,
            "ci_lo": -0.033333333333333326,
            "ci_hi": 0.05312500000000003,
            "p_negative": 0.3109
          },
          "relative": {
            "point": 0.02415458937198059,
            "ci_lo": -0.0737327188940092,
            "ci_hi": 0.13055126196692768
          }
        },
        "direction_norm": 16.193384170532227
      },
      "dom_step_0": {
        "unsteered_rate": {
          "point": 0.4354166666666667,
          "ci_lo": 0.40520833333333334,
          "ci_hi": 0.4666666666666667,
          "n": 960
        },
        "ablated_rate": {
          "point": 0.4041666666666667,
          "ci_lo": 0.3729166666666667,
          "ci_hi": 0.4354166666666667,
          "n": 960
        },
        "delta": {
          "absolute": {
            "point": -0.03125,
            "ci_lo": -0.07500000000000001,
            "ci_hi": 0.013541666666666674,
            "p_negative": 0.9155
          },
          "relative": {
            "point": -0.07177033492822966,
            "ci_lo": -0.16550156739811916,
            "ci_hi": 0.03308099002959961
          }
        },
        "direction_norm": 3.884840965270996
      },
      "writeup_fresh_r4": {
        "unsteered_rate": {
          "point": 0.44375,
          "ci_lo": 0.4125,
          "ci_hi": 0.475,
          "n": 960
        },
        "ablated_rate": {
          "point": 0.44895833333333335,
          "ci_lo": 0.41770833333333335,
          "ci_hi": 0.48020833333333335,
          "n": 960
        },
        "delta": {
          "absolute": {
            "point": 0.00520833333333337,
            "ci_lo": -0.03958333333333336,
            "ci_hi": 0.04999999999999999,
            "p_negative": 0.3881
          },
          "relative": {
            "point": 0.011737089201878019,
            "ci_lo": -0.0846372395004773,
            "ci_hi": 0.11922141119221422
          }
        },
        "direction_norm": 28.891040802001953
      },
      "det_lr_r4": {
        "unsteered_rate": {
          "point": 0.4583333333333333,
          "ci_lo": 0.42604166666666665,
          "ci_hi": 0.4895833333333333,
          "n": 960
        },
        "ablated_rate": {
          "point": 0.43645833333333334,
          "ci_lo": 0.40520833333333334,
          "ci_hi": 0.46770833333333334,
          "n": 960
        },
        "delta": {
          "absolute": {
            "point": -0.021874999999999978,
            "ci_lo": -0.06666666666666665,
            "ci_hi": 0.022916666666666696,
            "p_negative": 0.8252
          },
          "relative": {
            "point": -0.04772727272727268,
            "ci_lo": -0.1383237670068027,
            "ci_hi": 0.05314570093143669
          }
        },
        "direction_norm": 16.845497131347656
      },
      "dom_r4": {
        "unsteered_rate": {
          "point": 0.43645833333333334,
          "ci_lo": 0.40520833333333334,
          "ci_hi": 0.46875,
          "n": 960
        },
        "ablated_rate": {
          "point": 0.27708333333333335,
          "ci_lo": 0.24997395833333336,
          "ci_hi": 0.30520833333333336,
          "n": 960
        },
        "delta": {
          "absolute": {
            "point": -0.159375,
            "ci_lo": -0.20106770833333332,
            "ci_hi": -0.11666666666666664,
            "p_negative": 1.0
          },
          "relative": {
            "point": -0.36515513126491644,
            "ci_lo": -0.4409104600219058,
            "ci_hi": -0.28087087630995283
          }
        },
        "direction_norm": 3.364394426345825
      }
    }
  },
  "wi3": {
    "per_seed": {
      "41": {
        "unsteered_rate": {
          "point": 0.46770833333333334,
          "ci_lo": 0.43645833333333334,
          "ci_hi": 0.5,
          "n": 960
        },
        "steered_rate": {
          "point": 0.440625,
          "ci_lo": 0.409375,
          "ci_hi": 0.471875,
          "n": 960
        },
        "delta": {
          "absolute": {
            "point": -0.027083333333333348,
            "ci_lo": -0.07187500000000002,
            "ci_hi": 0.01874999999999999,
            "p_negative": 0.877
          },
          "relative": {
            "point": -0.05790645879732743,
            "ci_lo": -0.14736842105263162,
            "ci_hi": 0.04138891111288887
          }
        }
      },
      "42": {
        "unsteered_rate": {
          "point": 0.440625,
          "ci_lo": 0.4083333333333333,
          "ci_hi": 0.471875,
          "n": 960
        },
        "steered_rate": {
          "point": 0.5052083333333334,
          "ci_lo": 0.47291666666666665,
          "ci_hi": 0.5364583333333334,
          "n": 960
        },
        "delta": {
          "absolute": {
            "point": 0.06458333333333338,
            "ci_lo": 0.019791666666666652,
            "ci_hi": 0.10937499999999994,
            "p_negative": 0.0021
          },
          "relative": {
            "point": 0.14657210401891263,
            "ci_lo": 0.04221806853582551,
            "ci_hi": 0.2606516290726816
          }
        }
      },
      "43": {
        "unsteered_rate": {
          "point": 0.4427083333333333,
          "ci_lo": 0.4114583333333333,
          "ci_hi": 0.4739583333333333,
          "n": 960
        },
        "steered_rate": {
          "point": 0.38958333333333334,
          "ci_lo": 0.35833333333333334,
          "ci_hi": 0.42085937499999965,
          "n": 960
        },
        "delta": {
          "absolute": {
            "point": -0.05312499999999998,
            "ci_lo": -0.09687499999999999,
            "ci_hi": -0.00833333333333336,
            "p_negative": 0.9897
          },
          "relative": {
            "point": -0.11999999999999995,
            "ci_lo": -0.2097930960548885,
            "ci_hi": -0.02030328342864481
          }
        }
      }
    },
    "summary": {
      "alpha": 10.0,
      "n_seeds": 3,
      "frozen_direction_rel": -0.171,
      "frozen_direction_abs": -0.075,
      "random_rel_mean": -0.010444784926138248,
      "random_rel_min": -0.11999999999999995,
      "random_rel_max": 0.14657210401891263,
      "random_abs_mean": -0.005208333333333315,
      "frozen_is_outside_random_envelope": true
    }
  }
}