{
  "writeup_frozen_vs_mine_step_0": {
    "det_lr_balanced": 0.6503612677667141,
    "det_lr_unbalanced": 0.6309029727753412,
    "dom_balanced": 0.5289280990804477,
    "dom_unbalanced": 0.5077027930177416
  },
  "wu_fresh_vs_mine_per_checkpoint": {
    "base": {
      "det_lr": 0.6503612677666994,
      "dom": 0.5289280990804452
    },
    "round_0": {
      "det_lr": 0.642549963825671,
      "dom": 0.4555250427637146
    },
    "round_1": {
      "det_lr": 0.4892692818208867,
      "dom": 0.5770738674466566
    },
    "round_2": {
      "det_lr": 0.8694293010371411,
      "dom": 0.20356022043931574
    },
    "round_3": {
      "det_lr": 0.8640846251567837,
      "dom": 0.17671854322679179
    },
    "round_4": {
      "det_lr": 0.8968586174590826,
      "dom": 0.2256750266843229
    }
  },
  "cos_vs_base_by_method": {
    "base": {
      "wu_fresh": 1.0,
      "det_lr": 0.9999999999999998,
      "dom": 1.0
    },
    "round_0": {
      "wu_fresh": 0.7777713764802721,
      "det_lr": 0.34714977049503226,
      "dom": 0.824526458437075
    },
    "round_1": {
      "wu_fresh": 0.7182772117079977,
      "det_lr": 0.36072550805014414,
      "dom": 0.6639964054648856
    },
    "round_2": {
      "wu_fresh": 0.36747689203046263,
      "det_lr": 0.3629161401439806,
      "dom": 0.7668029336797266
    },
    "round_3": {
      "wu_fresh": 0.3797358482671064,
      "det_lr": 0.37995642584122935,
      "dom": 0.773333795533658
    },
    "round_4": {
      "wu_fresh": 0.398960467252187,
      "det_lr": 0.35653260033803563,
      "dom": 0.7621994227911798
    }
  }
}