{
  "target_layer": 11,
  "frozen_norm": 1.5063095652204697,
  "cosines": {
    "step_0": 0.9999999999999998,
    "step_1": 0.777771376480268,
    "step_2": 0.7182772117079982,
    "step_3": 0.367476892030465,
    "step_4": 0.37973584826710827,
    "step_5": 0.3989604672521907
  },
  "norms": {
    "step_0": 1.5063095652204372,
    "step_1": 1.4491915567367635,
    "step_2": 0.46285417022827147,
    "step_3": 32.38105000171616,
    "step_4": 31.611874006817327,
    "step_5": 28.891039841482943
  },
  "fresh_in_sample_aurocs": {
    "step_0": 0.9795289119859169,
    "step_1": 0.9734574266866349,
    "step_2": 0.9242606846838652,
    "step_3": 1.0,
    "step_4": 1.0,
    "step_5": 0.9999999999999999
  }
}