{
  "steps": [
    0,
    1,
    2,
    3,
    4,
    5
  ],
  "frozen_aurocs": [
    0.9795289119859169,
    0.9255077135143258,
    0.8932668584357555,
    0.8954402279886006,
    0.9024030664897538,
    0.8916691947646703
  ],
  "fresh_aurocs": [
    0.9795289119859169,
    0.9734574266866349,
    0.9242606846838652,
    1.0,
    1.0,
    1.0
  ],
  "random_baseline": {
    "mean_auroc": 0.4922979376064006,
    "std_auroc": 0.03727028068966669,
    "min_auroc": 0.3900733143239639,
    "max_auroc": 0.5698119969852053
  },
  "layer": 11
}